,EVENTMSGACTIONTYPE,EVENTMSGTYPE,EVENTNUM,GAME_ID,HOMEDESCRIPTION,NEUTRALDESCRIPTION,PCTIMESTRING,PERIOD,PERSON1TYPE,PERSON2TYPE,PERSON3TYPE,PLAYER1_ID,PLAYER1_NAME,PLAYER1_TEAM_ABBREVIATION,PLAYER1_TEAM_CITY,PLAYER1_TEAM_ID,PLAYER1_TEAM_NICKNAME,PLAYER2_ID,PLAYER2_NAME,PLAYER2_TEAM_ABBREVIATION,PLAYER2_TEAM_CITY,PLAYER2_TEAM_ID,PLAYER2_TEAM_NICKNAME,PLAYER3_ID,PLAYER3_NAME,PLAYER3_TEAM_ABBREVIATION,PLAYER3_TEAM_CITY,PLAYER3_TEAM_ID,PLAYER3_TEAM_NICKNAME,SCORE,SCOREMARGIN,VISITORDESCRIPTION,WCTIMESTRING,HOME_TEAM,AWAY_TEAM,HOME_SCORE,AWAY_SCORE,TIME,TEAM,TYPE,SUB_TYPE,ASSIST_PLAYER_ID,ASSIST_COUNT,BLOCK_PLAYER_ID,BLOCK_COUNT,REBOUND_PLAYER_ID,REBOUND_TEAM,REBOUND_OFFENSIVE_COUNT,REBOUND_DEFENSIVE_COUNT,JUMP_BALL_HOME_PLAYER_ID,JUMP_BALL_AWAY_PLAYER_ID,JUMP_BALL_RETRIEVED_PLAYER_ID,SUB_ENTERED_PLAYER_ID,SUB_LEAVING_PLAYER_ID,FREE_THROW_PLAYER_ID,FREE_THROW_NUM,FREE_THROW_TOTAL,FREE_THROW_MADE,FOULED_BY_PLAYER_ID,DRAWN_FOUL_PLAYER_ID,FOUL_COUNT,TEAM_FOUL_COUNT,FOUL_TYPE,TECHNICAL_PLAYER_ID,DOUBLE_TECHNICAL_PLAYER_ID_1,DOUBLE_TECHNICAL_PLAYER_ID_2,DOUBLE_PERSONAL_PLAYER_ID_1,DOUBLE_PERSONAL_PLAYER_ID_2,DOUBLE_PERSONAL_FOUL_COUNT_1,DOUBLE_PERSONAL_FOUL_COUNT_2,COACH_TECHNICAL,SHOT_PLAYER_ID,POINTS_SCORED,TOTAL_POINTS_SCORED,SHOT_MADE,SHOT_TYPE,STEAL_PLAYER_ID,STEAL_COUNT,TURNOVER_PLAYER_ID,TURNOVER_COUNT,TEAM_TURNOVER_COUNT,TURNOVER_TYPE,POSSESSION_ID,PERIOD_START,PERIOD_END,TIMEOUT_TYPE,VIOLATION,VIOLATION_PLAYER_ID,EJECTION,EJECTION_PLAYER_ID,HOME_PLAYER_ID_1,HOME_PLAYER_ID_2,HOME_PLAYER_ID_3,HOME_PLAYER_ID_4,HOME_PLAYER_ID_5,AWAY_PLAYER_ID_1,AWAY_PLAYER_ID_2,AWAY_PLAYER_ID_3,AWAY_PLAYER_ID_4,AWAY_PLAYER_ID_5,HOME_PLAYER_ID_1_PLAY_TIME,HOME_PLAYER_ID_2_PLAY_TIME,HOME_PLAYER_ID_3_PLAY_TIME,HOME_PLAYER_ID_4_PLAY_TIME,HOME_PLAYER_ID_5_PLAY_TIME,AWAY_PLAYER_ID_1_PLAY_TIME,AWAY_PLAYER_ID_2_PLAY_TIME,AWAY_PLAYER_ID_3_PLAY_TIME,AWAY_PLAYER_ID_4_PLAY_TIME,AWAY_PLAYER_ID_5_PLAY_TIME
166,4,9,189,20800003,,,5:10,2,1.0,0,0,0,,,,,,0,,,,,,0,,,,,,,,,11:29 PM,Lakers,Trail Blazers,38,24,1130,,,,,,,,,,,,,,,,,,,,,,,,,,,,,,,,,,,,,,,,,,,,,,,,TV,,,,,977,2772,965.0,1885.0,2200.0,200750.0,201141.0,201164.0,200746.0,2566.0,868.0,582.0,614.0,760.0,952.0,825.0,572.0,760.0,790.0,852.0
167,0,8,191,20800003,SUB: Radmanovic FOR Odom,,5:10,2,4.0,4,0,1885,Lamar Odom,LAL,Los Angeles,1610612747.0,Lakers,2209,Vladimir Radmanovic,LAL,Los Angeles,1610612747.0,Lakers,0,,,,,,,,,11:32 PM,Lakers,Trail Blazers,38,24,1130,,,,,,,,,,,,,,,2209.0,1885.0,,,,,,,,,,,,,,,,,,,,,,,,,,,,,,,,,,,,,977,2772,965.0,2209.0,2200.0,200750.0,201141.0,201164.0,200746.0,2566.0,868.0,582.0,614.0,760.0,952.0,825.0,572.0,760.0,790.0,852.0
168,0,8,192,20800003,SUB: Bynum FOR Ariza,,5:10,2,4.0,4,0,2772,Trevor Ariza,LAL,Los Angeles,1610612747.0,Lakers,101115,Andrew Bynum,LAL,Los Angeles,1610612747.0,Lakers,0,,,,,,,,,11:32 PM,Lakers,Trail Blazers,38,24,1130,,,,,,,,,,,,,,,101115.0,2772.0,,,,,,,,,,,,,,,,,,,,,,,,,,,,,,,,,,,,,977,101115,965.0,2209.0,2200.0,200750.0,201141.0,201164.0,200746.0,2566.0,868.0,582.0,614.0,548.0,952.0,825.0,572.0,760.0,790.0,852.0
169,0,8,193,20800003,,,5:10,2,5.0,5,0,201164,Rudy Fernandez,POR,Portland,1610612757.0,Trail Blazers,2581,Steve Blake,POR,Portland,1610612757.0,Trail Blazers,0,,,,,,,,SUB: Blake FOR Fernandez,11:33 PM,Lakers,Trail Blazers,38,24,1130,,,,,,,,,,,,,,,2581.0,201164.0,,,,,,,,,,,,,,,,,,,,,,,,,,,,,,,,,,,,,977,101115,965.0,2209.0,2200.0,200750.0,201141.0,2581.0,200746.0,2566.0,868.0,548.0,614.0,548.0,952.0,825.0,572.0,760.0,790.0,852.0
170,2,6,195,20800003,Bryant S.FOUL (P2.T3),,4:56,2,4.0,5,1,977,Kobe Bryant,LAL,Los Angeles,1610612747.0,Lakers,201141,Greg Oden,POR,Portland,1610612757.0,Trail Blazers,0,,,,,,,,,11:33 PM,Lakers,Trail Blazers,38,24,1144,,,,,,,,,,,,,,,,,,,,,977.0,201141.0,2.0,3,S.FOUL,,,,,,,,,,,,,,,,,,,,,,,,,,,,977,101115,965.0,2209.0,2200.0,200750.0,201141.0,2581.0,200746.0,2566.0,882.0,562.0,628.0,562.0,966.0,839.0,586.0,662.0,804.0,866.0
171,11,3,196,20800003,,,4:56,2,5.0,0,0,201141,Greg Oden,POR,Portland,1610612757.0,Trail Blazers,0,,,,,,0,,,,,,,,MISS Oden Free Throw 1 of 2,11:33 PM,Lakers,Trail Blazers,38,24,1144,,,,,,,,,,,,,,,,,201141.0,1.0,2.0,False,,,,,,,,,,,,,,,,,,,,,,,,,,,,,,,,,977,101115,965.0,2209.0,2200.0,200750.0,201141.0,2581.0,200746.0,2566.0,882.0,562.0,628.0,562.0,966.0,839.0,586.0,662.0,804.0,866.0
172,1,4,197,20800003,,,4:56,2,3.0,0,0,1610612757,,,,,,0,,,,,,0,,,,,,,,Trail Blazers Rebound,11:33 PM,Lakers,Trail Blazers,38,24,1144,,,,,,,,1610612757.0,True,,,,,,,,,,,,,,,,,,,,,,,,,,,,,,,,,,,,,,,,,,,,977,101115,965.0,2209.0,2200.0,200750.0,201141.0,2581.0,200746.0,2566.0,882.0,562.0,628.0,562.0,966.0,839.0,586.0,662.0,804.0,866.0
173,12,3,198,20800003,,,4:56,2,5.0,0,0,201141,Greg Oden,POR,Portland,1610612757.0,Trail Blazers,0,,,,,,0,,,,,,,,MISS Oden Free Throw 2 of 2,11:33 PM,Lakers,Trail Blazers,38,24,1144,,,,,,,,,,,,,,,,,201141.0,2.0,2.0,False,,,,,,,,,,,,,,,,,,,,,,,,,,,,,,,,,977,101115,965.0,2209.0,2200.0,200750.0,201141.0,2581.0,200746.0,2566.0,882.0,562.0,628.0,562.0,966.0,839.0,586.0,662.0,804.0,866.0
174,0,4,200,20800003,Radmanovic REBOUND (Off:1 Def:3),,4:55,2,4.0,0,0,2209,Vladimir Radmanovic,LAL,Los Angeles,1610612747.0,Lakers,0,,,,,,0,,,,,,,,,11:34 PM,Lakers,Trail Blazers,38,24,1145,,,,,,,,2209.0,,1.0,3.0,,,,,,,,,,,,,,,,,,,,,,,,,,,,,,,,,,,,,,,,,,977,101115,965.0,2209.0,2200.0,200750.0,201141.0,2581.0,200746.0,2566.0,883.0,563.0,629.0,563.0,967.0,840.0,587.0,663.0,805.0,867.0
175,1,2,201,20800003,MISS Bryant 18' Jump Shot,,4:34,2,4.0,0,0,977,Kobe Bryant,LAL,Los Angeles,1610612747.0,Lakers,0,,,,,,0,,,,,,,,,11:34 PM,Lakers,Trail Blazers,38,24,1166,,,,,,,,,,,,,,,,,,,,,,,,,,,,,,,,,,977.0,,,False,Shot,,,,,,,,,,,,,,,977,101115,965.0,2209.0,2200.0,200750.0,201141.0,2581.0,200746.0,2566.0,904.0,584.0,650.0,584.0,988.0,861.0,608.0,684.0,826.0,888.0
176,0,4,202,20800003,Bryant REBOUND (Off:2 Def:5),,4:33,2,4.0,0,0,977,Kobe Bryant,LAL,Los Angeles,1610612747.0,Lakers,0,,,,,,0,,,,,,,,,11:34 PM,Lakers,Trail Blazers,38,24,1167,,,,,,,,977.0,,2.0,5.0,,,,,,,,,,,,,,,,,,,,,,,,,,,,,,,,,,,,,,,,,,977,101115,965.0,2209.0,2200.0,200750.0,201141.0,2581.0,200746.0,2566.0,905.0,585.0,651.0,585.0,989.0,862.0,609.0,685.0,827.0,889.0
177,79,1,203,20800003,Bryant 18' Pullup Jump Shot (4 PTS),,4:30,2,4.0,0,0,977,Kobe Bryant,LAL,Los Angeles,1610612747.0,Lakers,0,,,,,,0,,,,,,24 - 40,16,,11:34 PM,Lakers,Trail Blazers,40,24,1170,,,,,,,,,,,,,,,,,,,,,,,,,,,,,,,,,,977.0,,4.0,True,Shot,,,,,,,,,,,,,,,977,101115,965.0,2209.0,2200.0,200750.0,201141.0,2581.0,200746.0,2566.0,908.0,588.0,654.0,588.0,992.0,865.0,612.0,688.0,830.0,892.0
178,1,6,204,20800003,Gasol P.FOUL (P2.T4),,4:17,2,4.0,5,1,2200,Pau Gasol,LAL,Los Angeles,1610612747.0,Lakers,2581,Steve Blake,POR,Portland,1610612757.0,Trail Blazers,0,,,,,,,,,11:34 PM,Lakers,Trail Blazers,40,24,1183,,,,,,,,,,,,,,,,,,,,,2200.0,2581.0,2.0,4,P.FOUL,,,,,,,,,,,,,,,,,,,,,,,,,,,,977,101115,965.0,2209.0,2200.0,200750.0,201141.0,2581.0,200746.0,2566.0,921.0,601.0,667.0,601.0,1005.0,878.0,625.0,701.0,843.0,905.0
179,1,2,205,20800003,Bynum BLOCK (1 BLK),,4:11,2,5.0,0,4,2566,Travis Outlaw,POR,Portland,1610612757.0,Trail Blazers,0,,,,,,101115,Andrew Bynum,LAL,Los Angeles,1610612747.0,Lakers,,,MISS Outlaw 8' Jump Shot,11:35 PM,Lakers,Trail Blazers,40,24,1189,,,,,,101115.0,1.0,,,,,,,,,,,,,,,,,,,,,,,,,,,2566.0,,,False,Shot,,,,,,,,,,,,,,,977,101115,965.0,2209.0,2200.0,200750.0,201141.0,2581.0,200746.0,2566.0,927.0,607.0,673.0,607.0,1011.0,884.0,631.0,707.0,849.0,911.0
180,0,4,206,20800003,,,4:09,2,5.0,0,0,2566,Travis Outlaw,POR,Portland,1610612757.0,Trail Blazers,0,,,,,,0,,,,,,,,Outlaw REBOUND (Off:1 Def:2),11:35 PM,Lakers,Trail Blazers,40,24,1191,,,,,,,,2566.0,,1.0,2.0,,,,,,,,,,,,,,,,,,,,,,,,,,,,,,,,,,,,,,,,,,977,101115,965.0,2209.0,2200.0,200750.0,201141.0,2581.0,200746.0,2566.0,929.0,609.0,675.0,609.0,1013.0,886.0,633.0,709.0,851.0,913.0
181,2,5,207,20800003,Bryant STEAL (1 STL),,4:08,2,5.0,4,0,2566,Travis Outlaw,POR,Portland,1610612757.0,Trail Blazers,977,Kobe Bryant,LAL,Los Angeles,1610612747.0,Lakers,0,,,,,,,,Outlaw Lost Ball Turnover (P1.T7),11:35 PM,Lakers,Trail Blazers,40,24,1192,,,,,,,,,,,,,,,,,,,,,,,,,,,,,,,,,,,,,,,977.0,1.0,2566.0,1.0,7.0,Ball Turnover,,,,,,,,,977,101115,965.0,2209.0,2200.0,200750.0,201141.0,2581.0,200746.0,2566.0,930.0,610.0,676.0,610.0,1014.0,887.0,634.0,710.0,852.0,914.0
182,88,1,208,20800003,Radmanovic  Driving Slam Dunk (2 PTS) (Bryant 4 AST),,4:03,2,4.0,4,0,2209,Vladimir Radmanovic,LAL,Los Angeles,1610612747.0,Lakers,977,Kobe Bryant,LAL,Los Angeles,1610612747.0,Lakers,0,,,,,,24 - 42,18,,11:35 PM,Lakers,Trail Blazers,42,24,1197,,,,977.0,4.0,,,,,,,,,,,,,,,,,,,,,,,,,,,,,2209.0,,2.0,True,Dunk,,,,,,,,,,,,,,,977,101115,965.0,2209.0,2200.0,200750.0,201141.0,2581.0,200746.0,2566.0,935.0,615.0,681.0,615.0,1019.0,892.0,639.0,715.0,857.0,919.0
183,3,2,209,20800003,,,3:44,2,5.0,0,0,201141,Greg Oden,POR,Portland,1610612757.0,Trail Blazers,0,,,,,,0,,,,,,,,MISS Oden 4' Hook Shot,11:35 PM,Lakers,Trail Blazers,42,24,1216,,,,,,,,,,,,,,,,,,,,,,,,,,,,,,,,,,201141.0,,,False,Shot,,,,,,,,,,,,,,,977,101115,965.0,2209.0,2200.0,200750.0,201141.0,2581.0,200746.0,2566.0,954.0,634.0,700.0,634.0,1038.0,911.0,658.0,734.0,876.0,938.0
184,0,4,210,20800003,,,3:40,2,5.0,0,0,201141,Greg Oden,POR,Portland,1610612757.0,Trail Blazers,0,,,,,,0,,,,,,,,Oden REBOUND (Off:3 Def:2),11:35 PM,Lakers,Trail Blazers,42,24,1220,,,,,,,,201141.0,,3.0,2.0,,,,,,,,,,,,,,,,,,,,,,,,,,,,,,,,,,,,,,,,,,977,101115,965.0,2209.0,2200.0,200750.0,201141.0,2581.0,200746.0,2566.0,958.0,638.0,704.0,638.0,1042.0,915.0,662.0,738.0,880.0,942.0
185,2,5,211,20800003,Radmanovic STEAL (2 STL),,3:37,2,5.0,4,0,201141,Greg Oden,POR,Portland,1610612757.0,Trail Blazers,2209,Vladimir Radmanovic,LAL,Los Angeles,1610612747.0,Lakers,0,,,,,,,,Oden Lost Ball Turnover (P2.T8),11:35 PM,Lakers,Trail Blazers,42,24,1223,,,,,,,,,,,,,,,,,,,,,,,,,,,,,,,,,,,,,,,2209.0,2.0,201141.0,2.0,8.0,Ball Turnover,,,,,,,,,977,101115,965.0,2209.0,2200.0,200750.0,201141.0,2581.0,200746.0,2566.0,961.0,641.0,707.0,641.0,1045.0,918.0,665.0,741.0,883.0,945.0
186,2,7,213,20800003,,,3:31,2,5.0,0,1,2566,Travis Outlaw,POR,Portland,1610612757.0,Trail Blazers,0,,,,,,0,,,,,,,,Outlaw Violation:Defensive Goaltending,11:36 PM,Lakers,Trail Blazers,42,24,1229,,,,,,,,,,,,,,,,,,,,,,,,,,,,,,,,,,,,,,,,,,,,,,,,,Defensive Goaltending,2566.0,,,977,101115,965.0,2209.0,2200.0,200750.0,201141.0,2581.0,200746.0,2566.0,967.0,647.0,713.0,647.0,1051.0,924.0,671.0,747.0,889.0,951.0
187,5,1,212,20800003,Gasol  Layup (15 PTS) (Bryant 5 AST),,3:31,2,4.0,4,0,2200,Pau Gasol,LAL,Los Angeles,1610612747.0,Lakers,977,Kobe Bryant,LAL,Los Angeles,1610612747.0,Lakers,0,,,,,,24 - 44,20,,11:36 PM,Lakers,Trail Blazers,44,24,1229,,,,977.0,5.0,,,,,,,,,,,,,,,,,,,,,,,,,,,,,2200.0,,15.0,True,Layup,,,,,,,,,,,,,,,977,101115,965.0,2209.0,2200.0,200750.0,201141.0,2581.0,200746.0,2566.0,967.0,647.0,713.0,647.0,1051.0,924.0,671.0,747.0,889.0,951.0
188,1,2,215,20800003,,,3:16,2,5.0,0,0,2581,Steve Blake,POR,Portland,1610612757.0,Trail Blazers,0,,,,,,0,,,,,,,,MISS Blake 24' 3PT Jump Shot,11:36 PM,Lakers,Trail Blazers,44,24,1244,,,,,,,,,,,,,,,,,,,,,,,,,,,,,,,,,,2581.0,,,False,Shot,,,,,,,,,,,,,,,977,101115,965.0,2209.0,2200.0,200750.0,201141.0,2581.0,200746.0,2566.0,982.0,662.0,728.0,662.0,1066.0,939.0,686.0,762.0,904.0,966.0
189,0,4,216,20800003,Bryant REBOUND (Off:2 Def:6),,3:15,2,4.0,0,0,977,Kobe Bryant,LAL,Los Angeles,1610612747.0,Lakers,0,,,,,,0,,,,,,,,,11:36 PM,Lakers,Trail Blazers,44,24,1245,,,,,,,,977.0,,2.0,6.0,,,,,,,,,,,,,,,,,,,,,,,,,,,,,,,,,,,,,,,,,,977,101115,965.0,2209.0,2200.0,200750.0,201141.0,2581.0,200746.0,2566.0,983.0,663.0,729.0,663.0,1067.0,940.0,687.0,763.0,905.0,967.0
190,79,1,217,20800003,Bryant 11' Pullup Jump Shot (6 PTS),,3:06,2,4.0,0,0,977,Kobe Bryant,LAL,Los Angeles,1610612747.0,Lakers,0,,,,,,0,,,,,,24 - 46,22,,11:36 PM,Lakers,Trail Blazers,46,24,1254,,,,,,,,,,,,,,,,,,,,,,,,,,,,,,,,,,977.0,,6.0,True,Shot,,,,,,,,,,,,,,,977,101115,965.0,2209.0,2200.0,200750.0,201141.0,2581.0,200746.0,2566.0,992.0,672.0,738.0,672.0,1076.0,949.0,696.0,772.0,914.0,976.0
191,1,2,218,20800003,,,2:42,2,5.0,0,0,2566,Travis Outlaw,POR,Portland,1610612757.0,Trail Blazers,0,,,,,,0,,,,,,,,MISS Outlaw 17' Jump Shot,11:37 PM,Lakers,Trail Blazers,46,24,1278,,,,,,,,,,,,,,,,,,,,,,,,,,,,,,,,,,2566.0,,,False,Shot,,,,,,,,,,,,,,,977,101115,965.0,2209.0,2200.0,200750.0,201141.0,2581.0,200746.0,2566.0,1016.0,696.0,762.0,696.0,1100.0,973.0,720.0,796.0,938.0,1000.0
192,0,4,219,20800003,Radmanovic REBOUND (Off:1 Def:4),,2:41,2,4.0,0,0,2209,Vladimir Radmanovic,LAL,Los Angeles,1610612747.0,Lakers,0,,,,,,0,,,,,,,,,11:37 PM,Lakers,Trail Blazers,46,24,1279,,,,,,,,2209.0,,1.0,4.0,,,,,,,,,,,,,,,,,,,,,,,,,,,,,,,,,,,,,,,,,,977,101115,965.0,2209.0,2200.0,200750.0,201141.0,2581.0,200746.0,2566.0,1017.0,697.0,763.0,697.0,1101.0,974.0,721.0,797.0,939.0,1001.0
193,1,5,220,20800003,Fisher Bad Pass Turnover (P1.T6),,2:35,2,4.0,5,0,965,Derek Fisher,LAL,Los Angeles,1610612747.0,Lakers,200746,LaMarcus Aldridge,POR,Portland,1610612757.0,Trail Blazers,0,,,,,,,,Aldridge STEAL (1 STL),11:37 PM,Lakers,Trail Blazers,46,24,1285,,,,,,,,,,,,,,,,,,,,,,,,,,,,,,,,,,,,,,,200746.0,1.0,965.0,1.0,6.0,Pass Turnover,,,,,,,,,977,101115,965.0,2209.0,2200.0,200750.0,201141.0,2581.0,200746.0,2566.0,1023.0,703.0,769.0,703.0,1107.0,980.0,727.0,803.0,945.0,1007.0
194,1,1,221,20800003,,,2:20,2,5.0,5,0,2581,Steve Blake,POR,Portland,1610612757.0,Trail Blazers,2566,Travis Outlaw,POR,Portland,1610612757.0,Trail Blazers,0,,,,,,27 - 46,19,Blake 25' 3PT Jump Shot (3 PTS) (Outlaw 2 AST),11:37 PM,Lakers,Trail Blazers,46,27,1300,,,,2566.0,2.0,,,,,,,,,,,,,,,,,,,,,,,,,,,,,2581.0,,3.0,True,Shot,,,,,,,,,,,,,,,977,101115,965.0,2209.0,2200.0,200750.0,201141.0,2581.0,200746.0,2566.0,1038.0,718.0,784.0,718.0,1122.0,995.0,742.0,818.0,960.0,1022.0
195,1,1,222,20800003,Radmanovic 28' 3PT Jump Shot (5 PTS),,1:58,2,4.0,0,0,2209,Vladimir Radmanovic,LAL,Los Angeles,1610612747.0,Lakers,0,,,,,,0,,,,,,27 - 49,22,,11:37 PM,Lakers,Trail Blazers,49,27,1322,,,,,,,,,,,,,,,,,,,,,,,,,,,,,,,,,,2209.0,,5.0,True,Shot,,,,,,,,,,,,,,,977,101115,965.0,2209.0,2200.0,200750.0,201141.0,2581.0,200746.0,2566.0,1060.0,740.0,806.0,740.0,1144.0,1017.0,764.0,840.0,982.0,1044.0
196,2,9,223,20800003,,,1:51,2,3.0,0,0,1610612757,,,,,,0,,,,,,0,,,,,,,,Trail Blazers Timeout: Short (Reg.2 Short 1),11:38 PM,Lakers,Trail Blazers,49,27,1329,,,,,,,,,,,,,,,,,,,,,,,,,,,,,,,,,,,,,,,,,,,,,,,,Short (Reg.2 Short 1),,,,,977,101115,965.0,2209.0,2200.0,200750.0,201141.0,2581.0,200746.0,2566.0,1067.0,747.0,813.0,747.0,1151.0,1024.0,771.0,847.0,989.0,1051.0
197,1,9,225,20800003,LAKERS Timeout: Regular (Full 2 Short 0),,1:51,2,2.0,0,0,1610612747,,,,,,0,,,,,,0,,,,,,,,,11:39 PM,Lakers,Trail Blazers,49,27,1329,,,,,,,,,,,,,,,,,,,,,,,,,,,,,,,,,,,,,,,,,,,,,,,,Regular (Full 2 Short 0),,,,,977,101115,965.0,2209.0,2200.0,200750.0,201141.0,2581.0,200746.0,2566.0,1067.0,747.0,813.0,747.0,1151.0,1024.0,771.0,847.0,989.0,1051.0
198,0,8,226,20800003,,,1:51,2,5.0,5,0,201141,Greg Oden,POR,Portland,1610612757.0,Trail Blazers,2038,Joel Przybilla,POR,Portland,1610612757.0,Trail Blazers,0,,,,,,,,SUB: Przybilla FOR Oden,11:41 PM,Lakers,Trail Blazers,49,27,1329,,,,,,,,,,,,,,,2038.0,201141.0,,,,,,,,,,,,,,,,,,,,,,,,,,,,,,,,,,,,,977,101115,965.0,2209.0,2200.0,200750.0,2038.0,2581.0,200746.0,2566.0,1067.0,747.0,813.0,747.0,1151.0,1024.0,771.0,847.0,989.0,1051.0
199,1,5,227,20800003,Radmanovic STEAL (3 STL),,1:37,2,5.0,4,0,200750,Brandon Roy,POR,Portland,1610612757.0,Trail Blazers,2209,Vladimir Radmanovic,LAL,Los Angeles,1610612747.0,Lakers,0,,,,,,,,Roy Bad Pass Turnover (P2.T9),11:41 PM,Lakers,Trail Blazers,49,27,1343,,,,,,,,,,,,,,,,,,,,,,,,,,,,,,,,,,,,,,,2209.0,3.0,200750.0,2.0,9.0,Pass Turnover,,,,,,,,,977,101115,965.0,2209.0,2200.0,200750.0,2038.0,2581.0,200746.0,2566.0,1081.0,761.0,827.0,761.0,1165.0,1038.0,572.0,861.0,1003.0,1065.0
200,40,5,228,20800003,Bryant Out of Bounds Lost Ball Turnover (P3.T7),,1:32,2,4.0,0,0,977,Kobe Bryant,LAL,Los Angeles,1610612747.0,Lakers,0,,,,,,0,,,,,,,,,11:41 PM,Lakers,Trail Blazers,49,27,1348,,,,,,,,,,,,,,,,,,,,,,,,,,,,,,,,,,,,,,,,,977.0,3.0,7.0,Ball Turnover,,,,,,,,,977,101115,965.0,2209.0,2200.0,200750.0,2038.0,2581.0,200746.0,2566.0,1086.0,766.0,832.0,766.0,1170.0,1043.0,577.0,866.0,1008.0,1070.0
201,2,6,229,20800003,Bynum S.FOUL (P2.PN),,1:17,2,4.0,5,1,101115,Andrew Bynum,LAL,Los Angeles,1610612747.0,Lakers,200750,Brandon Roy,POR,Portland,1610612757.0,Trail Blazers,0,,,,,,,,,11:42 PM,Lakers,Trail Blazers,49,27,1363,,,,,,,,,,,,,,,,,,,,,101115.0,200750.0,2.0,N,S.FOUL,,,,,,,,,,,,,,,,,,,,,,,,,,,,977,101115,965.0,2209.0,2200.0,200750.0,2038.0,2581.0,200746.0,2566.0,1101.0,781.0,847.0,781.0,1185.0,1058.0,592.0,881.0,1023.0,1085.0
202,11,3,230,20800003,,,1:17,2,5.0,0,0,200750,Brandon Roy,POR,Portland,1610612757.0,Trail Blazers,0,,,,,,0,,,,,,28 - 49,21,Roy Free Throw 1 of 2 (1 PTS),11:42 PM,Lakers,Trail Blazers,49,28,1363,,,,,,,,,,,,,,,,,200750.0,1.0,2.0,True,,,,,,,,,,,,,,,,,,,,,,,,,,,,,,,,,977,101115,965.0,2209.0,2200.0,200750.0,2038.0,2581.0,200746.0,2566.0,1101.0,781.0,847.0,781.0,1185.0,1058.0,592.0,881.0,1023.0,1085.0
203,12,3,232,20800003,,,1:17,2,5.0,0,0,200750,Brandon Roy,POR,Portland,1610612757.0,Trail Blazers,0,,,,,,0,,,,,,29 - 49,20,Roy Free Throw 2 of 2 (2 PTS),11:42 PM,Lakers,Trail Blazers,49,29,1363,,,,,,,,,,,,,,,,,200750.0,2.0,2.0,True,,,,,,,,,,,,,,,,,,,,,,,,,,,,,,,,,977,101115,965.0,2209.0,2200.0,200750.0,2038.0,2581.0,200746.0,2566.0,1101.0,781.0,847.0,781.0,1185.0,1058.0,592.0,881.0,1023.0,1085.0
204,1,2,234,20800003,MISS Bryant 17' Jump Shot,,1:00,2,4.0,0,0,977,Kobe Bryant,LAL,Los Angeles,1610612747.0,Lakers,0,,,,,,0,,,,,,,,,11:43 PM,Lakers,Trail Blazers,49,29,1380,,,,,,,,,,,,,,,,,,,,,,,,,,,,,,,,,,977.0,,,False,Shot,,,,,,,,,,,,,,,977,101115,965.0,2209.0,2200.0,200750.0,2038.0,2581.0,200746.0,2566.0,1118.0,798.0,864.0,798.0,1202.0,1075.0,609.0,898.0,1040.0,1102.0
205,0,4,235,20800003,,,0:59,2,5.0,0,0,2038,Joel Przybilla,POR,Portland,1610612757.0,Trail Blazers,0,,,,,,0,,,,,,,,Przybilla REBOUND (Off:1 Def:4),11:43 PM,Lakers,Trail Blazers,49,29,1381,,,,,,,,2038.0,,1.0,4.0,,,,,,,,,,,,,,,,,,,,,,,,,,,,,,,,,,,,,,,,,,977,101115,965.0,2209.0,2200.0,200750.0,2038.0,2581.0,200746.0,2566.0,1119.0,799.0,865.0,799.0,1203.0,1076.0,610.0,899.0,1041.0,1103.0
206,1,2,236,20800003,,,0:46,2,5.0,0,0,200746,LaMarcus Aldridge,POR,Portland,1610612757.0,Trail Blazers,0,,,,,,0,,,,,,,,MISS Aldridge 25' 3PT Jump Shot,11:43 PM,Lakers,Trail Blazers,49,29,1394,,,,,,,,,,,,,,,,,,,,,,,,,,,,,,,,,,200746.0,,,False,Shot,,,,,,,,,,,,,,,977,101115,965.0,2209.0,2200.0,200750.0,2038.0,2581.0,200746.0,2566.0,1132.0,812.0,878.0,812.0,1216.0,1089.0,623.0,912.0,1054.0,1116.0
207,0,4,237,20800003,,,0:44,2,5.0,0,0,2566,Travis Outlaw,POR,Portland,1610612757.0,Trail Blazers,0,,,,,,0,,,,,,,,Outlaw REBOUND (Off:2 Def:2),11:43 PM,Lakers,Trail Blazers,49,29,1396,,,,,,,,2566.0,,2.0,2.0,,,,,,,,,,,,,,,,,,,,,,,,,,,,,,,,,,,,,,,,,,977,101115,965.0,2209.0,2200.0,200750.0,2038.0,2581.0,200746.0,2566.0,1134.0,814.0,880.0,814.0,1218.0,1091.0,625.0,914.0,1056.0,1118.0
208,5,1,238,20800003,,,0:43,2,5.0,0,0,2566,Travis Outlaw,POR,Portland,1610612757.0,Trail Blazers,0,,,,,,0,,,,,,31 - 49,18,Outlaw  Layup (9 PTS),11:43 PM,Lakers,Trail Blazers,49,31,1397,,,,,,,,,,,,,,,,,,,,,,,,,,,,,,,,,,2566.0,,9.0,True,Layup,,,,,,,,,,,,,,,977,101115,965.0,2209.0,2200.0,200750.0,2038.0,2581.0,200746.0,2566.0,1135.0,815.0,881.0,815.0,1219.0,1092.0,626.0,915.0,1057.0,1119.0
209,1,2,239,20800003,MISS Bryant 11' Jump Shot,,0:33,2,4.0,0,5,977,Kobe Bryant,LAL,Los Angeles,1610612747.0,Lakers,0,,,,,,200746,LaMarcus Aldridge,POR,Portland,1610612757.0,Trail Blazers,,,Aldridge BLOCK (2 BLK),11:43 PM,Lakers,Trail Blazers,49,31,1407,,,,,,200746.0,2.0,,,,,,,,,,,,,,,,,,,,,,,,,,,977.0,,,False,Shot,,,,,,,,,,,,,,,977,101115,965.0,2209.0,2200.0,200750.0,2038.0,2581.0,200746.0,2566.0,1145.0,825.0,891.0,825.0,1229.0,1102.0,636.0,925.0,1067.0,1129.0
210,0,4,240,20800003,,,0:31,2,5.0,0,0,2038,Joel Przybilla,POR,Portland,1610612757.0,Trail Blazers,0,,,,,,0,,,,,,,,Przybilla REBOUND (Off:1 Def:5),11:43 PM,Lakers,Trail Blazers,49,31,1409,,,,,,,,2038.0,,1.0,5.0,,,,,,,,,,,,,,,,,,,,,,,,,,,,,,,,,,,,,,,,,,977,101115,965.0,2209.0,2200.0,200750.0,2038.0,2581.0,200746.0,2566.0,1147.0,827.0,893.0,827.0,1231.0,1104.0,638.0,927.0,1069.0,1131.0
211,1,1,241,20800003,,,0:11,2,5.0,5,0,2581,Steve Blake,POR,Portland,1610612757.0,Trail Blazers,200750,Brandon Roy,POR,Portland,1610612757.0,Trail Blazers,0,,,,,,34 - 49,15,Blake 24' 3PT Jump Shot (6 PTS) (Roy 4 AST),11:44 PM,Lakers,Trail Blazers,49,34,1429,,,,200750.0,4.0,,,,,,,,,,,,,,,,,,,,,,,,,,,,,2581.0,,6.0,True,Shot,,,,,,,,,,,,,,,977,101115,965.0,2209.0,2200.0,200750.0,2038.0,2581.0,200746.0,2566.0,1167.0,847.0,913.0,847.0,1251.0,1124.0,658.0,947.0,1089.0,1151.0
212,1,5,242,20800003,Bryant Bad Pass Turnover (P4.T8),,0:03,2,4.0,5,0,977,Kobe Bryant,LAL,Los Angeles,1610612747.0,Lakers,2038,Joel Przybilla,POR,Portland,1610612757.0,Trail Blazers,0,,,,,,,,Przybilla STEAL (1 STL),11:44 PM,Lakers,Trail Blazers,49,34,1437,,,,,,,,,,,,,,,,,,,,,,,,,,,,,,,,,,,,,,,2038.0,1.0,977.0,4.0,8.0,Pass Turnover,,,,,,,,,977,101115,965.0,2209.0,2200.0,200750.0,2038.0,2581.0,200746.0,2566.0,1175.0,855.0,921.0,855.0,1259.0,1132.0,666.0,955.0,1097.0,1159.0
213,0,13,243,20800003,,,0:00,2,0.0,0,0,0,,,,,,0,,,,,,0,,,,,,34 - 49,15,,11:44 PM,Lakers,Trail Blazers,49,34,1440,,,,,,,,,,,,,,,,,,,,,,,,,,,,,,,,,,,,,,,,,,,,,,,True,,,,,,977,101115,965.0,2209.0,2200.0,200750.0,2038.0,2581.0,200746.0,2566.0,1178.0,858.0,924.0,858.0,1262.0,1135.0,669.0,958.0,1100.0,1162.0
214,0,12,245,20800003,,,12:00,3,0.0,0,0,0,,,,,,0,,,,,,0,,,,,,34 - 49,15,,12:05 PM,Lakers,Trail Blazers,49,34,1440,,,,,,,,,,,,,,,,,,,,,,,,,,,,,,,,,,,,,,,,,,,,,,True,,,,,,,965,977,101115.0,2200.0,2209.0,2038.0,2581.0,200750.0,200746.0,2566.0,,,,,,,,,,
215,5,2,246,20800003,Bynum BLOCK (2 BLK),,11:39,3,5.0,0,4,2581,Steve Blake,POR,Portland,1610612757.0,Trail Blazers,0,,,,,,101115,Andrew Bynum,LAL,Los Angeles,1610612747.0,Lakers,,,MISS Blake  Layup,12:06 PM,Lakers,Trail Blazers,49,34,1461,,,,,,101115.0,2.0,,,,,,,,,,,,,,,,,,,,,,,,,,,2581.0,,,False,Layup,,,,,,,,,,,,,,,965,977,101115.0,2200.0,2209.0,2038.0,2581.0,200750.0,200746.0,2566.0,945.0,1199.0,879.0,1283.0,879.0,690.0,979.0,1156.0,1121.0,1183.0
216,0,4,247,20800003,,,11:37,3,5.0,0,0,2581,Steve Blake,POR,Portland,1610612757.0,Trail Blazers,0,,,,,,0,,,,,,,,Blake REBOUND (Off:1 Def:0),12:06 PM,Lakers,Trail Blazers,49,34,1463,,,,,,,,2581.0,,1.0,0.0,,,,,,,,,,,,,,,,,,,,,,,,,,,,,,,,,,,,,,,,,,965,977,101115.0,2200.0,2209.0,2038.0,2581.0,200750.0,200746.0,2566.0,947.0,1201.0,881.0,1285.0,881.0,692.0,981.0,1158.0,1123.0,1185.0
217,1,1,248,20800003,,,11:35,3,5.0,5,0,2566,Travis Outlaw,POR,Portland,1610612757.0,Trail Blazers,2581,Steve Blake,POR,Portland,1610612757.0,Trail Blazers,0,,,,,,37 - 49,12,Outlaw 24' 3PT Jump Shot (12 PTS) (Blake 3 AST),12:06 PM,Lakers,Trail Blazers,49,37,1465,,,,2581.0,3.0,,,,,,,,,,,,,,,,,,,,,,,,,,,,,2566.0,,12.0,True,Shot,,,,,,,,,,,,,,,965,977,101115.0,2200.0,2209.0,2038.0,2581.0,200750.0,200746.0,2566.0,949.0,1203.0,883.0,1287.0,883.0,694.0,983.0,1160.0,1125.0,1187.0
218,1,2,249,20800003,MISS Bynum 16' Jump Shot,,11:20,3,4.0,0,0,101115,Andrew Bynum,LAL,Los Angeles,1610612747.0,Lakers,0,,,,,,0,,,,,,,,,12:06 PM,Lakers,Trail Blazers,49,37,1480,,,,,,,,,,,,,,,,,,,,,,,,,,,,,,,,,,101115.0,,,False,Shot,,,,,,,,,,,,,,,965,977,101115.0,2200.0,2209.0,2038.0,2581.0,200750.0,200746.0,2566.0,964.0,1218.0,898.0,1302.0,898.0,709.0,998.0,1175.0,1140.0,1202.0
219,0,4,250,20800003,,,11:19,3,5.0,0,0,2038,Joel Przybilla,POR,Portland,1610612757.0,Trail Blazers,0,,,,,,0,,,,,,,,Przybilla REBOUND (Off:1 Def:6),12:06 PM,Lakers,Trail Blazers,49,37,1481,,,,,,,,2038.0,,1.0,6.0,,,,,,,,,,,,,,,,,,,,,,,,,,,,,,,,,,,,,,,,,,965,977,101115.0,2200.0,2209.0,2038.0,2581.0,200750.0,200746.0,2566.0,965.0,1219.0,899.0,1303.0,899.0,710.0,999.0,1176.0,1141.0,1203.0
220,1,1,251,20800003,,,10:59,3,5.0,0,0,2566,Travis Outlaw,POR,Portland,1610612757.0,Trail Blazers,0,,,,,,0,,,,,,39 - 49,10,Outlaw 17' Jump Shot (14 PTS),12:06 PM,Lakers,Trail Blazers,49,39,1501,,,,,,,,,,,,,,,,,,,,,,,,,,,,,,,,,,2566.0,,14.0,True,Shot,,,,,,,,,,,,,,,965,977,101115.0,2200.0,2209.0,2038.0,2581.0,200750.0,200746.0,2566.0,985.0,1239.0,919.0,1323.0,919.0,730.0,1019.0,1196.0,1161.0,1223.0
221,1,2,252,20800003,MISS Fisher 10' Jump Shot,,10:39,3,4.0,0,0,965,Derek Fisher,LAL,Los Angeles,1610612747.0,Lakers,0,,,,,,0,,,,,,,,,12:07 PM,Lakers,Trail Blazers,49,39,1521,,,,,,,,,,,,,,,,,,,,,,,,,,,,,,,,,,965.0,,,False,Shot,,,,,,,,,,,,,,,965,977,101115.0,2200.0,2209.0,2038.0,2581.0,200750.0,200746.0,2566.0,1005.0,1259.0,939.0,1343.0,939.0,750.0,1039.0,1216.0,1181.0,1243.0
222,0,4,253,20800003,Fisher REBOUND (Off:2 Def:1),,10:37,3,4.0,0,0,965,Derek Fisher,LAL,Los Angeles,1610612747.0,Lakers,0,,,,,,0,,,,,,,,,12:07 PM,Lakers,Trail Blazers,49,39,1523,,,,,,,,965.0,,2.0,1.0,,,,,,,,,,,,,,,,,,,,,,,,,,,,,,,,,,,,,,,,,,965,977,101115.0,2200.0,2209.0,2038.0,2581.0,200750.0,200746.0,2566.0,1007.0,1261.0,941.0,1345.0,941.0,752.0,1041.0,1218.0,1183.0,1245.0
223,5,2,254,20800003,MISS Fisher  Layup,,10:36,3,4.0,0,0,965,Derek Fisher,LAL,Los Angeles,1610612747.0,Lakers,0,,,,,,0,,,,,,,,,12:07 PM,Lakers,Trail Blazers,49,39,1524,,,,,,,,,,,,,,,,,,,,,,,,,,,,,,,,,,965.0,,,False,Layup,,,,,,,,,,,,,,,965,977,101115.0,2200.0,2209.0,2038.0,2581.0,200750.0,200746.0,2566.0,1008.0,1262.0,942.0,1346.0,942.0,753.0,1042.0,1219.0,1184.0,1246.0
224,0,4,255,20800003,,,10:36,3,5.0,0,0,2581,Steve Blake,POR,Portland,1610612757.0,Trail Blazers,0,,,,,,0,,,,,,,,Blake REBOUND (Off:1 Def:1),12:07 PM,Lakers,Trail Blazers,49,39,1524,,,,,,,,2581.0,,1.0,1.0,,,,,,,,,,,,,,,,,,,,,,,,,,,,,,,,,,,,,,,,,,965,977,101115.0,2200.0,2209.0,2038.0,2581.0,200750.0,200746.0,2566.0,1008.0,1262.0,942.0,1346.0,942.0,753.0,1042.0,1219.0,1184.0,1246.0
225,1,2,256,20800003,,,10:28,3,5.0,0,0,200750,Brandon Roy,POR,Portland,1610612757.0,Trail Blazers,0,,,,,,0,,,,,,,,MISS Roy  3PT Jump Shot,12:07 PM,Lakers,Trail Blazers,49,39,1532,,,,,,,,,,,,,,,,,,,,,,,,,,,,,,,,,,200750.0,,,False,Shot,,,,,,,,,,,,,,,965,977,101115.0,2200.0,2209.0,2038.0,2581.0,200750.0,200746.0,2566.0,1016.0,1270.0,950.0,1354.0,950.0,761.0,1050.0,1227.0,1192.0,1254.0
226,0,4,257,20800003,Fisher REBOUND (Off:2 Def:2),,10:27,3,4.0,0,0,965,Derek Fisher,LAL,Los Angeles,1610612747.0,Lakers,0,,,,,,0,,,,,,,,,12:07 PM,Lakers,Trail Blazers,49,39,1533,,,,,,,,965.0,,2.0,2.0,,,,,,,,,,,,,,,,,,,,,,,,,,,,,,,,,,,,,,,,,,965,977,101115.0,2200.0,2209.0,2038.0,2581.0,200750.0,200746.0,2566.0,1017.0,1271.0,951.0,1355.0,951.0,762.0,1051.0,1228.0,1193.0,1255.0
227,42,2,258,20800003,MISS Fisher  Driving Layup,,10:22,3,4.0,0,0,965,Derek Fisher,LAL,Los Angeles,1610612747.0,Lakers,0,,,,,,0,,,,,,,,,12:07 PM,Lakers,Trail Blazers,49,39,1538,,,,,,,,,,,,,,,,,,,,,,,,,,,,,,,,,,965.0,,,False,Layup,,,,,,,,,,,,,,,965,977,101115.0,2200.0,2209.0,2038.0,2581.0,200750.0,200746.0,2566.0,1022.0,1276.0,956.0,1360.0,956.0,767.0,1056.0,1233.0,1198.0,1260.0
228,0,4,259,20800003,,,10:20,3,5.0,0,0,2038,Joel Przybilla,POR,Portland,1610612757.0,Trail Blazers,0,,,,,,0,,,,,,,,Przybilla REBOUND (Off:1 Def:7),12:07 PM,Lakers,Trail Blazers,49,39,1540,,,,,,,,2038.0,,1.0,7.0,,,,,,,,,,,,,,,,,,,,,,,,,,,,,,,,,,,,,,,,,,965,977,101115.0,2200.0,2209.0,2038.0,2581.0,200750.0,200746.0,2566.0,1024.0,1278.0,958.0,1362.0,958.0,769.0,1058.0,1235.0,1200.0,1262.0
229,1,1,260,20800003,,,10:04,3,5.0,5,0,200746,LaMarcus Aldridge,POR,Portland,1610612757.0,Trail Blazers,2581,Steve Blake,POR,Portland,1610612757.0,Trail Blazers,0,,,,,,41 - 49,8,Aldridge 6' Jump Shot (6 PTS) (Blake 4 AST),12:07 PM,Lakers,Trail Blazers,49,41,1556,,,,2581.0,4.0,,,,,,,,,,,,,,,,,,,,,,,,,,,,,200746.0,,6.0,True,Shot,,,,,,,,,,,,,,,965,977,101115.0,2200.0,2209.0,2038.0,2581.0,200750.0,200746.0,2566.0,1040.0,1294.0,974.0,1378.0,974.0,785.0,1074.0,1251.0,1216.0,1278.0
230,1,2,261,20800003,MISS Bryant 19' Jump Shot,,9:37,3,4.0,0,0,977,Kobe Bryant,LAL,Los Angeles,1610612747.0,Lakers,0,,,,,,0,,,,,,,,,12:08 PM,Lakers,Trail Blazers,49,41,1583,,,,,,,,,,,,,,,,,,,,,,,,,,,,,,,,,,977.0,,,False,Shot,,,,,,,,,,,,,,,965,977,101115.0,2200.0,2209.0,2038.0,2581.0,200750.0,200746.0,2566.0,1067.0,1321.0,1001.0,1405.0,1001.0,812.0,1101.0,1278.0,1243.0,1305.0
231,0,4,262,20800003,,,9:36,3,5.0,0,0,2581,Steve Blake,POR,Portland,1610612757.0,Trail Blazers,0,,,,,,0,,,,,,,,Blake REBOUND (Off:1 Def:2),12:08 PM,Lakers,Trail Blazers,49,41,1584,,,,,,,,2581.0,,1.0,2.0,,,,,,,,,,,,,,,,,,,,,,,,,,,,,,,,,,,,,,,,,,965,977,101115.0,2200.0,2209.0,2038.0,2581.0,200750.0,200746.0,2566.0,1068.0,1322.0,1002.0,1406.0,1002.0,813.0,1102.0,1279.0,1244.0,1306.0
232,1,2,263,20800003,,,9:27,3,5.0,0,0,2566,Travis Outlaw,POR,Portland,1610612757.0,Trail Blazers,0,,,,,,0,,,,,,,,MISS Outlaw 24' 3PT Jump Shot,12:08 PM,Lakers,Trail Blazers,49,41,1593,,,,,,,,,,,,,,,,,,,,,,,,,,,,,,,,,,2566.0,,,False,Shot,,,,,,,,,,,,,,,965,977,101115.0,2200.0,2209.0,2038.0,2581.0,200750.0,200746.0,2566.0,1077.0,1331.0,1011.0,1415.0,1011.0,822.0,1111.0,1288.0,1253.0,1315.0
233,0,4,264,20800003,LAKERS Rebound,,9:26,3,2.0,0,0,1610612747,,,,,,0,,,,,,0,,,,,,,,,12:08 PM,Lakers,Trail Blazers,49,41,1594,,,,,,,,1610612747.0,True,,,,,,,,,,,,,,,,,,,,,,,,,,,,,,,,,,,,,,,,,,,,965,977,101115.0,2200.0,2209.0,2038.0,2581.0,200750.0,200746.0,2566.0,1078.0,1332.0,1012.0,1416.0,1012.0,823.0,1112.0,1289.0,1254.0,1316.0
234,1,6,266,20800003,,,9:06,3,5.0,4,1,2038,Joel Przybilla,POR,Portland,1610612757.0,Trail Blazers,977,Kobe Bryant,LAL,Los Angeles,1610612747.0,Lakers,0,,,,,,,,Przybilla P.FOUL (P1.T1),12:08 PM,Lakers,Trail Blazers,49,41,1614,,,,,,,,,,,,,,,,,,,,,2038.0,977.0,1.0,1,P.FOUL,,,,,,,,,,,,,,,,,,,,,,,,,,,,965,977,101115.0,2200.0,2209.0,2038.0,2581.0,200750.0,200746.0,2566.0,1098.0,1352.0,1032.0,1436.0,1032.0,843.0,1132.0,1309.0,1274.0,1336.0
235,1,1,267,20800003,Bryant 25' 3PT Jump Shot (9 PTS) (Bynum 1 AST),,9:00,3,4.0,4,0,977,Kobe Bryant,LAL,Los Angeles,1610612747.0,Lakers,101115,Andrew Bynum,LAL,Los Angeles,1610612747.0,Lakers,0,,,,,,41 - 52,11,,12:09 PM,Lakers,Trail Blazers,52,41,1620,,,,101115.0,1.0,,,,,,,,,,,,,,,,,,,,,,,,,,,,,977.0,,9.0,True,Shot,,,,,,,,,,,,,,,965,977,101115.0,2200.0,2209.0,2038.0,2581.0,200750.0,200746.0,2566.0,1104.0,1358.0,1038.0,1442.0,1038.0,849.0,1138.0,1315.0,1280.0,1342.0
236,1,2,268,20800003,,,8:41,3,5.0,0,0,2581,Steve Blake,POR,Portland,1610612757.0,Trail Blazers,0,,,,,,0,,,,,,,,MISS Blake 19' Jump Shot,12:09 PM,Lakers,Trail Blazers,52,41,1639,,,,,,,,,,,,,,,,,,,,,,,,,,,,,,,,,,2581.0,,,False,Shot,,,,,,,,,,,,,,,965,977,101115.0,2200.0,2209.0,2038.0,2581.0,200750.0,200746.0,2566.0,1123.0,1377.0,1057.0,1461.0,1057.0,868.0,1157.0,1334.0,1299.0,1361.0
237,0,4,269,20800003,Bryant REBOUND (Off:2 Def:7),,8:39,3,4.0,0,0,977,Kobe Bryant,LAL,Los Angeles,1610612747.0,Lakers,0,,,,,,0,,,,,,,,,12:09 PM,Lakers,Trail Blazers,52,41,1641,,,,,,,,977.0,,2.0,7.0,,,,,,,,,,,,,,,,,,,,,,,,,,,,,,,,,,,,,,,,,,965,977,101115.0,2200.0,2209.0,2038.0,2581.0,200750.0,200746.0,2566.0,1125.0,1379.0,1059.0,1463.0,1059.0,870.0,1159.0,1336.0,1301.0,1363.0
238,73,1,270,20800003,Bryant  Driving Reverse Layup (11 PTS),,8:33,3,4.0,0,0,977,Kobe Bryant,LAL,Los Angeles,1610612747.0,Lakers,0,,,,,,0,,,,,,41 - 54,13,,12:09 PM,Lakers,Trail Blazers,54,41,1647,,,,,,,,,,,,,,,,,,,,,,,,,,,,,,,,,,977.0,,11.0,True,Layup,,,,,,,,,,,,,,,965,977,101115.0,2200.0,2209.0,2038.0,2581.0,200750.0,200746.0,2566.0,1131.0,1385.0,1065.0,1469.0,1065.0,876.0,1165.0,1342.0,1307.0,1369.0
239,2,6,271,20800003,,,8:33,3,5.0,4,1,2038,Joel Przybilla,POR,Portland,1610612757.0,Trail Blazers,977,Kobe Bryant,LAL,Los Angeles,1610612747.0,Lakers,0,,,,,,,,Przybilla S.FOUL (P2.T2),12:09 PM,Lakers,Trail Blazers,54,41,1647,,,,,,,,,,,,,,,,,,,,,2038.0,977.0,2.0,2,S.FOUL,,,,,,,,,,,,,,,,,,,,,,,,,,,,965,977,101115.0,2200.0,2209.0,2038.0,2581.0,200750.0,200746.0,2566.0,1131.0,1385.0,1065.0,1469.0,1065.0,876.0,1165.0,1342.0,1307.0,1369.0
240,10,3,272,20800003,MISS Bryant Free Throw 1 of 1,,8:33,3,4.0,0,0,977,Kobe Bryant,LAL,Los Angeles,1610612747.0,Lakers,0,,,,,,0,,,,,,,,,12:09 PM,Lakers,Trail Blazers,54,41,1647,,,,,,,,,,,,,,,,,977.0,1.0,1.0,False,,,,,,,,,,,,,,,,,,,,,,,,,,,,,,,,,965,977,101115.0,2200.0,2209.0,2038.0,2581.0,200750.0,200746.0,2566.0,1131.0,1385.0,1065.0,1469.0,1065.0,876.0,1165.0,1342.0,1307.0,1369.0
241,0,4,274,20800003,,,8:32,3,5.0,0,0,200746,LaMarcus Aldridge,POR,Portland,1610612757.0,Trail Blazers,0,,,,,,0,,,,,,,,Aldridge REBOUND (Off:1 Def:2),12:10 PM,Lakers,Trail Blazers,54,41,1648,,,,,,,,200746.0,,1.0,2.0,,,,,,,,,,,,,,,,,,,,,,,,,,,,,,,,,,,,,,,,,,965,977,101115.0,2200.0,2209.0,2038.0,2581.0,200750.0,200746.0,2566.0,1132.0,1386.0,1066.0,1470.0,1066.0,877.0,1166.0,1343.0,1308.0,1370.0
242,1,2,275,20800003,,,8:07,3,5.0,0,0,200750,Brandon Roy,POR,Portland,1610612757.0,Trail Blazers,0,,,,,,0,,,,,,,,MISS Roy 29' 3PT Jump Shot,12:10 PM,Lakers,Trail Blazers,54,41,1673,,,,,,,,,,,,,,,,,,,,,,,,,,,,,,,,,,200750.0,,,False,Shot,,,,,,,,,,,,,,,965,977,101115.0,2200.0,2209.0,2038.0,2581.0,200750.0,200746.0,2566.0,1157.0,1411.0,1091.0,1495.0,1091.0,902.0,1191.0,1368.0,1333.0,1395.0
243,0,4,276,20800003,Gasol REBOUND (Off:1 Def:2),,8:05,3,4.0,0,0,2200,Pau Gasol,LAL,Los Angeles,1610612747.0,Lakers,0,,,,,,0,,,,,,,,,12:10 PM,Lakers,Trail Blazers,54,41,1675,,,,,,,,2200.0,,1.0,2.0,,,,,,,,,,,,,,,,,,,,,,,,,,,,,,,,,,,,,,,,,,965,977,101115.0,2200.0,2209.0,2038.0,2581.0,200750.0,200746.0,2566.0,1159.0,1413.0,1093.0,1497.0,1093.0,904.0,1193.0,1370.0,1335.0,1397.0
244,1,2,277,20800003,MISS Bynum 12' Jump Shot,,7:59,3,4.0,0,0,101115,Andrew Bynum,LAL,Los Angeles,1610612747.0,Lakers,0,,,,,,0,,,,,,,,,12:10 PM,Lakers,Trail Blazers,54,41,1681,,,,,,,,,,,,,,,,,,,,,,,,,,,,,,,,,,101115.0,,,False,Shot,,,,,,,,,,,,,,,965,977,101115.0,2200.0,2209.0,2038.0,2581.0,200750.0,200746.0,2566.0,1165.0,1419.0,1099.0,1503.0,1099.0,910.0,1199.0,1376.0,1341.0,1403.0
245,0,4,278,20800003,,,7:58,3,3.0,0,0,1610612757,,,,,,0,,,,,,0,,,,,,,,Trail Blazers Rebound,12:10 PM,Lakers,Trail Blazers,54,41,1682,,,,,,,,1610612757.0,True,,,,,,,,,,,,,,,,,,,,,,,,,,,,,,,,,,,,,,,,,,,,965,977,101115.0,2200.0,2209.0,2038.0,2581.0,200750.0,200746.0,2566.0,1166.0,1420.0,1100.0,1504.0,1100.0,911.0,1200.0,1377.0,1342.0,1404.0
246,1,5,280,20800003,Radmanovic STEAL (4 STL),,7:46,3,5.0,4,0,2566,Travis Outlaw,POR,Portland,1610612757.0,Trail Blazers,2209,Vladimir Radmanovic,LAL,Los Angeles,1610612747.0,Lakers,0,,,,,,,,Outlaw Bad Pass Turnover (P2.T10),12:11 PM,Lakers,Trail Blazers,54,41,1694,,,,,,,,,,,,,,,,,,,,,,,,,,,,,,,,,,,,,,,2209.0,4.0,2566.0,2.0,10.0,Pass Turnover,,,,,,,,,965,977,101115.0,2200.0,2209.0,2038.0,2581.0,200750.0,200746.0,2566.0,1178.0,1432.0,1112.0,1516.0,1112.0,923.0,1212.0,1389.0,1354.0,1416.0
247,1,2,281,20800003,MISS Bryant 23' Jump Shot,,7:38,3,4.0,0,0,977,Kobe Bryant,LAL,Los Angeles,1610612747.0,Lakers,0,,,,,,0,,,,,,,,,12:11 PM,Lakers,Trail Blazers,54,41,1702,,,,,,,,,,,,,,,,,,,,,,,,,,,,,,,,,,977.0,,,False,Shot,,,,,,,,,,,,,,,965,977,101115.0,2200.0,2209.0,2038.0,2581.0,200750.0,200746.0,2566.0,1186.0,1440.0,1120.0,1524.0,1120.0,931.0,1220.0,1397.0,1362.0,1424.0
248,0,4,282,20800003,,,7:37,3,5.0,0,0,2581,Steve Blake,POR,Portland,1610612757.0,Trail Blazers,0,,,,,,0,,,,,,,,Blake REBOUND (Off:1 Def:3),12:11 PM,Lakers,Trail Blazers,54,41,1703,,,,,,,,2581.0,,1.0,3.0,,,,,,,,,,,,,,,,,,,,,,,,,,,,,,,,,,,,,,,,,,965,977,101115.0,2200.0,2209.0,2038.0,2581.0,200750.0,200746.0,2566.0,1187.0,1441.0,1121.0,1525.0,1121.0,932.0,1221.0,1398.0,1363.0,1425.0
249,1,2,283,20800003,,,7:24,3,5.0,0,0,200746,LaMarcus Aldridge,POR,Portland,1610612757.0,Trail Blazers,0,,,,,,0,,,,,,,,MISS Aldridge 16' Jump Shot,12:11 PM,Lakers,Trail Blazers,54,41,1716,,,,,,,,,,,,,,,,,,,,,,,,,,,,,,,,,,200746.0,,,False,Shot,,,,,,,,,,,,,,,965,977,101115.0,2200.0,2209.0,2038.0,2581.0,200750.0,200746.0,2566.0,1200.0,1454.0,1134.0,1538.0,1134.0,945.0,1234.0,1411.0,1376.0,1438.0
250,0,4,284,20800003,Bynum REBOUND (Off:1 Def:2),,7:23,3,4.0,0,0,101115,Andrew Bynum,LAL,Los Angeles,1610612747.0,Lakers,0,,,,,,0,,,,,,,,,12:11 PM,Lakers,Trail Blazers,54,41,1717,,,,,,,,101115.0,,1.0,2.0,,,,,,,,,,,,,,,,,,,,,,,,,,,,,,,,,,,,,,,,,,965,977,101115.0,2200.0,2209.0,2038.0,2581.0,200750.0,200746.0,2566.0,1201.0,1455.0,1135.0,1539.0,1135.0,946.0,1235.0,1412.0,1377.0,1439.0
251,2,6,285,20800003,,,7:07,3,5.0,4,1,200746,LaMarcus Aldridge,POR,Portland,1610612757.0,Trail Blazers,977,Kobe Bryant,LAL,Los Angeles,1610612747.0,Lakers,0,,,,,,,,Aldridge S.FOUL (P1.T3),12:11 PM,Lakers,Trail Blazers,54,41,1733,,,,,,,,,,,,,,,,,,,,,200746.0,977.0,1.0,3,S.FOUL,,,,,,,,,,,,,,,,,,,,,,,,,,,,965,977,101115.0,2200.0,2209.0,2038.0,2581.0,200750.0,200746.0,2566.0,1217.0,1471.0,1151.0,1555.0,1151.0,962.0,1251.0,1428.0,1393.0,1455.0
252,11,3,286,20800003,Bryant Free Throw 1 of 2 (12 PTS),,7:07,3,4.0,0,0,977,Kobe Bryant,LAL,Los Angeles,1610612747.0,Lakers,0,,,,,,0,,,,,,41 - 55,14,,12:11 PM,Lakers,Trail Blazers,55,41,1733,,,,,,,,,,,,,,,,,977.0,1.0,2.0,True,,,,,,,,,,,,,,,,,,,,,,,,,,,,,,,,,965,977,101115.0,2200.0,2209.0,2038.0,2581.0,200750.0,200746.0,2566.0,1217.0,1471.0,1151.0,1555.0,1151.0,962.0,1251.0,1428.0,1393.0,1455.0
253,0,8,288,20800003,SUB: Odom FOR Bynum,,7:07,3,4.0,4,0,101115,Andrew Bynum,LAL,Los Angeles,1610612747.0,Lakers,1885,Lamar Odom,LAL,Los Angeles,1610612747.0,Lakers,0,,,,,,,,,12:12 PM,Lakers,Trail Blazers,55,41,1733,,,,,,,,,,,,,,,1885.0,101115.0,,,,,,,,,,,,,,,,,,,,,,,,,,,,,,,,,,,,,965,977,1885.0,2200.0,2209.0,2038.0,2581.0,200750.0,200746.0,2566.0,1217.0,1471.0,1151.0,1555.0,1151.0,962.0,1251.0,1428.0,1393.0,1455.0
254,12,3,289,20800003,Bryant Free Throw 2 of 2 (13 PTS),,7:07,3,4.0,0,0,977,Kobe Bryant,LAL,Los Angeles,1610612747.0,Lakers,0,,,,,,0,,,,,,41 - 56,15,,12:12 PM,Lakers,Trail Blazers,56,41,1733,,,,,,,,,,,,,,,,,977.0,2.0,2.0,True,,,,,,,,,,,,,,,,,,,,,,,,,,,,,,,,,965,977,1885.0,2200.0,2209.0,2038.0,2581.0,200750.0,200746.0,2566.0,1217.0,1471.0,760.0,1555.0,1151.0,962.0,1251.0,1428.0,1393.0,1455.0
255,47,2,291,20800003,,,6:47,3,5.0,0,0,200746,LaMarcus Aldridge,POR,Portland,1610612757.0,Trail Blazers,0,,,,,,0,,,,,,,,MISS Aldridge 12' Turnaround Jump Shot,12:13 PM,Lakers,Trail Blazers,56,41,1753,,,,,,,,,,,,,,,,,,,,,,,,,,,,,,,,,,200746.0,,,False,Shot,,,,,,,,,,,,,,,965,977,1885.0,2200.0,2209.0,2038.0,2581.0,200750.0,200746.0,2566.0,1237.0,1491.0,780.0,1575.0,1171.0,982.0,1271.0,1448.0,1413.0,1475.0
256,0,4,292,20800003,Odom REBOUND (Off:0 Def:5),,6:44,3,4.0,0,0,1885,Lamar Odom,LAL,Los Angeles,1610612747.0,Lakers,0,,,,,,0,,,,,,,,,12:13 PM,Lakers,Trail Blazers,56,41,1756,,,,,,,,1885.0,,0.0,5.0,,,,,,,,,,,,,,,,,,,,,,,,,,,,,,,,,,,,,,,,,,965,977,1885.0,2200.0,2209.0,2038.0,2581.0,200750.0,200746.0,2566.0,1240.0,1494.0,783.0,1578.0,1174.0,985.0,1274.0,1451.0,1416.0,1478.0
257,2,6,293,20800003,,,6:40,3,5.0,4,1,200746,LaMarcus Aldridge,POR,Portland,1610612757.0,Trail Blazers,977,Kobe Bryant,LAL,Los Angeles,1610612747.0,Lakers,0,,,,,,,,Aldridge S.FOUL (P2.T4),12:13 PM,Lakers,Trail Blazers,56,41,1760,,,,,,,,,,,,,,,,,,,,,200746.0,977.0,2.0,4,S.FOUL,,,,,,,,,,,,,,,,,,,,,,,,,,,,965,977,1885.0,2200.0,2209.0,2038.0,2581.0,200750.0,200746.0,2566.0,1244.0,1498.0,787.0,1582.0,1178.0,989.0,1278.0,1455.0,1420.0,1482.0
258,11,3,294,20800003,Bryant Free Throw 1 of 2 (14 PTS),,6:40,3,4.0,0,0,977,Kobe Bryant,LAL,Los Angeles,1610612747.0,Lakers,0,,,,,,0,,,,,,41 - 57,16,,12:13 PM,Lakers,Trail Blazers,57,41,1760,,,,,,,,,,,,,,,,,977.0,1.0,2.0,True,,,,,,,,,,,,,,,,,,,,,,,,,,,,,,,,,965,977,1885.0,2200.0,2209.0,2038.0,2581.0,200750.0,200746.0,2566.0,1244.0,1498.0,787.0,1582.0,1178.0,989.0,1278.0,1455.0,1420.0,1482.0
259,1,9,297,20800003,,,6:40,3,3.0,0,0,1610612757,,,,,,0,,,,,,0,,,,,,,,Trail Blazers Timeout: Regular (Reg.3 Short 1),12:13 PM,Lakers,Trail Blazers,57,41,1760,,,,,,,,,,,,,,,,,,,,,,,,,,,,,,,,,,,,,,,,,,,,,,,,Regular (Reg.3 Short 1),,,,,965,977,1885.0,2200.0,2209.0,2038.0,2581.0,200750.0,200746.0,2566.0,1244.0,1498.0,787.0,1582.0,1178.0,989.0,1278.0,1455.0,1420.0,1482.0
260,12,3,300,20800003,Bryant Free Throw 2 of 2 (15 PTS),,6:40,3,4.0,0,0,977,Kobe Bryant,LAL,Los Angeles,1610612747.0,Lakers,0,,,,,,0,,,,,,41 - 58,17,,12:17 PM,Lakers,Trail Blazers,58,41,1760,,,,,,,,,,,,,,,,,977.0,2.0,2.0,True,,,,,,,,,,,,,,,,,,,,,,,,,,,,,,,,,965,977,1885.0,2200.0,2209.0,2038.0,2581.0,200750.0,200746.0,2566.0,1244.0,1498.0,787.0,1582.0,1178.0,989.0,1278.0,1455.0,1420.0,1482.0
261,1,2,302,20800003,,,6:19,3,5.0,0,0,2038,Joel Przybilla,POR,Portland,1610612757.0,Trail Blazers,0,,,,,,0,,,,,,,,MISS Przybilla 4' Jump Shot,12:18 PM,Lakers,Trail Blazers,58,41,1781,,,,,,,,,,,,,,,,,,,,,,,,,,,,,,,,,,2038.0,,,False,Shot,,,,,,,,,,,,,,,965,977,1885.0,2200.0,2209.0,2038.0,2581.0,200750.0,200746.0,2566.0,1265.0,1519.0,808.0,1603.0,1199.0,1010.0,1299.0,1476.0,1441.0,1503.0
262,0,4,303,20800003,Bryant REBOUND (Off:2 Def:8),,6:17,3,4.0,0,0,977,Kobe Bryant,LAL,Los Angeles,1610612747.0,Lakers,0,,,,,,0,,,,,,,,,12:18 PM,Lakers,Trail Blazers,58,41,1783,,,,,,,,977.0,,2.0,8.0,,,,,,,,,,,,,,,,,,,,,,,,,,,,,,,,,,,,,,,,,,965,977,1885.0,2200.0,2209.0,2038.0,2581.0,200750.0,200746.0,2566.0,1267.0,1521.0,810.0,1605.0,1201.0,1012.0,1301.0,1478.0,1443.0,1505.0
263,40,5,304,20800003,Gasol Out of Bounds Lost Ball Turnover (P1.T9),,6:09,3,4.0,0,0,2200,Pau Gasol,LAL,Los Angeles,1610612747.0,Lakers,0,,,,,,0,,,,,,,,,12:18 PM,Lakers,Trail Blazers,58,41,1791,,,,,,,,,,,,,,,,,,,,,,,,,,,,,,,,,,,,,,,,,2200.0,1.0,9.0,Ball Turnover,,,,,,,,,965,977,1885.0,2200.0,2209.0,2038.0,2581.0,200750.0,200746.0,2566.0,1275.0,1529.0,818.0,1613.0,1209.0,1020.0,1309.0,1486.0,1451.0,1513.0
264,1,1,305,20800003,,,5:49,3,5.0,0,0,2566,Travis Outlaw,POR,Portland,1610612757.0,Trail Blazers,0,,,,,,0,,,,,,43 - 58,15,Outlaw 20' Jump Shot (16 PTS),12:18 PM,Lakers,Trail Blazers,58,43,1811,,,,,,,,,,,,,,,,,,,,,,,,,,,,,,,,,,2566.0,,16.0,True,Shot,,,,,,,,,,,,,,,965,977,1885.0,2200.0,2209.0,2038.0,2581.0,200750.0,200746.0,2566.0,1295.0,1549.0,838.0,1633.0,1229.0,1040.0,1329.0,1506.0,1471.0,1533.0
265,1,1,306,20800003,Bryant 19' Jump Shot (17 PTS),,5:21,3,4.0,0,0,977,Kobe Bryant,LAL,Los Angeles,1610612747.0,Lakers,0,,,,,,0,,,,,,43 - 60,17,,12:19 PM,Lakers,Trail Blazers,60,43,1839,,,,,,,,,,,,,,,,,,,,,,,,,,,,,,,,,,977.0,,17.0,True,Shot,,,,,,,,,,,,,,,965,977,1885.0,2200.0,2209.0,2038.0,2581.0,200750.0,200746.0,2566.0,1323.0,1577.0,866.0,1661.0,1257.0,1068.0,1357.0,1534.0,1499.0,1561.0
